Firm,URL
Linklaters,https://www.linklaters.com/en/knowledge, Complex
Cooley,https://www.cooley.com/news/, Done
Skadden,https://www.skadden.com/insights, Done
Sidley,https://www.sidley.com/en/us/insights, Done
Simpson Thacher,https://www.stblaw.com/about-us/news, Done
Latham & Watkins,https://www.lw.com/en/insights-listing#sort=%40newsandinsightsdate%20descending, Done
Goodwin,https://www.goodwinlaw.com/en/insights, Done
Debevoise,https://www.debevoise.com/insights/search, Done
Advant,https://www.advant-beiten.com/en/news/blog, Done
CMS,https://cms.law/en/int/publication, Done
Hengeler Mueller,https://hengeler-news.com/en/latest-articles, Done
Gleiss Lutz,https://www.gleisslutz.com/en/news-events/know-how, Done
Noerr,https://www.noerr.com/en/insights?i-fc-type=News, Done